Numero_Secuencial,Mesa_ID,Ruta,Estado
1,8004121,ACTAS_1000\acta_0001.jpg,OK
3,8004241,ACTAS_1000\acta_0003.jpg,OK
5,8004201,ACTAS_1000\acta_0005.jpg,OK
6,8004161,ACTAS_1000\acta_0006.jpg,OK
7,8004171,ACTAS_1000\acta_0007.jpg,OK
4,8004251,ACTAS_1000\acta_0004.jpg,OK
8,8004181,ACTAS_1000\acta_0008.jpg,OK
2,8004231,ACTAS_1000\acta_0002.jpg,OK
12,8004101,ACTAS_1000\acta_0012.jpg,OK
10,8004211,ACTAS_1000\acta_0010.jpg,OK
9,8004191,ACTAS_1000\acta_0009.jpg,OK
13,8004111,ACTAS_1000\acta_0013.jpg,OK
15,8004142,ACTAS_1000\acta_0015.jpg,OK
16,8004152,ACTAS_1000\acta_0016.jpg,OK
11,8004221,ACTAS_1000\acta_0011.jpg,OK
14,8004132,ACTAS_1000\acta_0014.jpg,OK
21,8004042,ACTAS_1000\acta_0021.jpg,OK
18,8004011,ACTAS_1000\acta_0018.jpg,OK
24,8003931,ACTAS_1000\acta_0024.jpg,OK
19,8004021,ACTAS_1000\acta_0019.jpg,OK
17,8004261,ACTAS_1000\acta_0017.jpg,OK
25,8003941,ACTAS_1000\acta_0025.jpg,OK
26,8003951,ACTAS_1000\acta_0026.jpg,OK
20,8004031,ACTAS_1000\acta_0020.jpg,OK
27,8003971,ACTAS_1000\acta_0027.jpg,OK
28,8003981,ACTAS_1000\acta_0028.jpg,OK
22,8004052,ACTAS_1000\acta_0022.jpg,OK
23,8003921,ACTAS_1000\acta_0023.jpg,OK
30,8003961,ACTAS_1000\acta_0030.jpg,OK
29,8003991,ACTAS_1000\acta_0029.jpg,OK
32,8004071,ACTAS_1000\acta_0032.jpg,OK
31,8004061,ACTAS_1000\acta_0031.jpg,OK
33,8004081,ACTAS_1000\acta_0033.jpg,OK
34,8004091,ACTAS_1000\acta_0034.jpg,OK
36,8000721,ACTAS_1000\acta_0036.jpg,OK
35,8004001,ACTAS_1000\acta_0035.jpg,OK
38,8003661,ACTAS_1000\acta_0038.jpg,OK
37,8003651,ACTAS_1000\acta_0037.jpg,OK
39,8003171,ACTAS_1000\acta_0039.jpg,OK
40,8003181,ACTAS_1000\acta_0040.jpg,OK
41,8003191,ACTAS_1000\acta_0041.jpg,OK
42,8003201,ACTAS_1000\acta_0042.jpg,OK
43,8003211,ACTAS_1000\acta_0043.jpg,OK
44,8003221,ACTAS_1000\acta_0044.jpg,OK
45,8003231,ACTAS_1000\acta_0045.jpg,OK
46,8003241,ACTAS_1000\acta_0046.jpg,OK
48,8000121,ACTAS_1000\acta_0048.jpg,OK
49,8000131,ACTAS_1000\acta_0049.jpg,OK
47,8003251,ACTAS_1000\acta_0047.jpg,OK
51,8000151,ACTAS_1000\acta_0051.jpg,OK
52,8000161,ACTAS_1000\acta_0052.jpg,OK
53,8001941,ACTAS_1000\acta_0053.jpg,OK
54,8001951,ACTAS_1000\acta_0054.jpg,OK
56,8001971,ACTAS_1000\acta_0056.jpg,OK
50,8000141,ACTAS_1000\acta_0050.jpg,OK
55,8001961,ACTAS_1000\acta_0055.jpg,OK
57,8001981,ACTAS_1000\acta_0057.jpg,OK
58,8001991,ACTAS_1000\acta_0058.jpg,OK
59,8002001,ACTAS_1000\acta_0059.jpg,OK
60,8002011,ACTAS_1000\acta_0060.jpg,OK
62,8002031,ACTAS_1000\acta_0062.jpg,OK
61,8002021,ACTAS_1000\acta_0061.jpg,OK
63,8002041,ACTAS_1000\acta_0063.jpg,OK
64,8002051,ACTAS_1000\acta_0064.jpg,OK
65,8002061,ACTAS_1000\acta_0065.jpg,OK
66,8002071,ACTAS_1000\acta_0066.jpg,OK
67,8002081,ACTAS_1000\acta_0067.jpg,OK
68,8002361,ACTAS_1000\acta_0068.jpg,OK
70,8002381,ACTAS_1000\acta_0070.jpg,OK
69,8002371,ACTAS_1000\acta_0069.jpg,OK
71,8002391,ACTAS_1000\acta_0071.jpg,OK
72,8002401,ACTAS_1000\acta_0072.jpg,OK
73,8002411,ACTAS_1000\acta_0073.jpg,OK
74,8000241,ACTAS_1000\acta_0074.jpg,OK
75,8000251,ACTAS_1000\acta_0075.jpg,OK
76,8000261,ACTAS_1000\acta_0076.jpg,OK
77,8000271,ACTAS_1000\acta_0077.jpg,OK
78,8000281,ACTAS_1000\acta_0078.jpg,OK
80,8000301,ACTAS_1000\acta_0080.jpg,OK
79,8000291,ACTAS_1000\acta_0079.jpg,OK
81,8000311,ACTAS_1000\acta_0081.jpg,OK
82,8000321,ACTAS_1000\acta_0082.jpg,OK
83,8000331,ACTAS_1000\acta_0083.jpg,OK
84,8000341,ACTAS_1000\acta_0084.jpg,OK
85,8000351,ACTAS_1000\acta_0085.jpg,OK
86,8000361,ACTAS_1000\acta_0086.jpg,OK
88,8000381,ACTAS_1000\acta_0088.jpg,OK
87,8000371,ACTAS_1000\acta_0087.jpg,OK
89,8000391,ACTAS_1000\acta_0089.jpg,OK
90,8000401,ACTAS_1000\acta_0090.jpg,OK
91,8000411,ACTAS_1000\acta_0091.jpg,OK
92,8000421,ACTAS_1000\acta_0092.jpg,OK
93,8003261,ACTAS_1000\acta_0093.jpg,OK
94,8003271,ACTAS_1000\acta_0094.jpg,OK
95,8003281,ACTAS_1000\acta_0095.jpg,OK
96,8003291,ACTAS_1000\acta_0096.jpg,OK
97,8003301,ACTAS_1000\acta_0097.jpg,OK
98,8003311,ACTAS_1000\acta_0098.jpg,OK
99,8003321,ACTAS_1000\acta_0099.jpg,OK
100,8003331,ACTAS_1000\acta_0100.jpg,OK
101,8003341,ACTAS_1000\acta_0101.jpg,OK
102,8003351,ACTAS_1000\acta_0102.jpg,OK
103,8003361,ACTAS_1000\acta_0103.jpg,OK
105,8003381,ACTAS_1000\acta_0105.jpg,OK
104,8003371,ACTAS_1000\acta_0104.jpg,OK
106,8003671,ACTAS_1000\acta_0106.jpg,OK
107,8003681,ACTAS_1000\acta_0107.jpg,OK
108,8003691,ACTAS_1000\acta_0108.jpg,OK
109,8002631,ACTAS_1000\acta_0109.jpg,OK
112,8002661,ACTAS_1000\acta_0112.jpg,OK
111,8002651,ACTAS_1000\acta_0111.jpg,OK
110,8002641,ACTAS_1000\acta_0110.jpg,OK
113,8002671,ACTAS_1000\acta_0113.jpg,OK
114,8002681,ACTAS_1000\acta_0114.jpg,OK
115,8002691,ACTAS_1000\acta_0115.jpg,OK
117,8002711,ACTAS_1000\acta_0117.jpg,OK
116,8002701,ACTAS_1000\acta_0116.jpg,OK
118,8002721,ACTAS_1000\acta_0118.jpg,OK
119,8002731,ACTAS_1000\acta_0119.jpg,OK
120,8002741,ACTAS_1000\acta_0120.jpg,OK
121,8002751,ACTAS_1000\acta_0121.jpg,OK
122,8002761,ACTAS_1000\acta_0122.jpg,OK
123,8002771,ACTAS_1000\acta_0123.jpg,OK
125,8002791,ACTAS_1000\acta_0125.jpg,OK
124,8002781,ACTAS_1000\acta_0124.jpg,OK
126,8001311,ACTAS_1000\acta_0126.jpg,OK
128,8001331,ACTAS_1000\acta_0128.jpg,OK
127,8001321,ACTAS_1000\acta_0127.jpg,OK
129,8001341,ACTAS_1000\acta_0129.jpg,OK
130,8001351,ACTAS_1000\acta_0130.jpg,OK
131,8001361,ACTAS_1000\acta_0131.jpg,OK
133,8001381,ACTAS_1000\acta_0133.jpg,OK
132,8001371,ACTAS_1000\acta_0132.jpg,OK
134,8001391,ACTAS_1000\acta_0134.jpg,OK
137,8000541,ACTAS_1000\acta_0137.jpg,OK
136,8001411,ACTAS_1000\acta_0136.jpg,OK
135,8001401,ACTAS_1000\acta_0135.jpg,OK
138,8000551,ACTAS_1000\acta_0138.jpg,OK
139,8000561,ACTAS_1000\acta_0139.jpg,OK
140,8000571,ACTAS_1000\acta_0140.jpg,OK
141,8000581,ACTAS_1000\acta_0141.jpg,OK
142,8000591,ACTAS_1000\acta_0142.jpg,OK
143,8000601,ACTAS_1000\acta_0143.jpg,OK
144,8000611,ACTAS_1000\acta_0144.jpg,OK
145,8000621,ACTAS_1000\acta_0145.jpg,OK
146,8000631,ACTAS_1000\acta_0146.jpg,OK
147,8000641,ACTAS_1000\acta_0147.jpg,OK
148,8000651,ACTAS_1000\acta_0148.jpg,OK
149,8000661,ACTAS_1000\acta_0149.jpg,OK
151,8000681,ACTAS_1000\acta_0151.jpg,OK
150,8000671,ACTAS_1000\acta_0150.jpg,OK
152,8000691,ACTAS_1000\acta_0152.jpg,OK
153,8000701,ACTAS_1000\acta_0153.jpg,OK
154,8000711,ACTAS_1000\acta_0154.jpg,OK
155,8002461,ACTAS_1000\acta_0155.jpg,OK
159,8001751,ACTAS_1000\acta_0159.jpg,OK
157,8002481,ACTAS_1000\acta_0157.jpg,OK
162,8001781,ACTAS_1000\acta_0162.jpg,OK
158,8001741,ACTAS_1000\acta_0158.jpg,OK
156,8002471,ACTAS_1000\acta_0156.jpg,OK
164,8000991,ACTAS_1000\acta_0164.jpg,OK
165,8001001,ACTAS_1000\acta_0165.jpg,OK
160,8001761,ACTAS_1000\acta_0160.jpg,OK
166,8001011,ACTAS_1000\acta_0166.jpg,OK
168,8001031,ACTAS_1000\acta_0168.jpg,OK
167,8001021,ACTAS_1000\acta_0167.jpg,OK
169,8001041,ACTAS_1000\acta_0169.jpg,OK
170,8001051,ACTAS_1000\acta_0170.jpg,OK
163,8001791,ACTAS_1000\acta_0163.jpg,OK
161,8001771,ACTAS_1000\acta_0161.jpg,OK
171,8001061,ACTAS_1000\acta_0171.jpg,OK
172,8001071,ACTAS_1000\acta_0172.jpg,OK
173,8001081,ACTAS_1000\acta_0173.jpg,OK
174,8001091,ACTAS_1000\acta_0174.jpg,OK
175,8001101,ACTAS_1000\acta_0175.jpg,OK
176,8001111,ACTAS_1000\acta_0176.jpg,OK
178,8002601,ACTAS_1000\acta_0178.jpg,OK
177,8002591,ACTAS_1000\acta_0177.jpg,OK
179,8002611,ACTAS_1000\acta_0179.jpg,OK
180,8002621,ACTAS_1000\acta_0180.jpg,OK
181,8000731,ACTAS_1000\acta_0181.jpg,OK
183,8000751,ACTAS_1000\acta_0183.jpg,OK
182,8000741,ACTAS_1000\acta_0182.jpg,OK
184,8000761,ACTAS_1000\acta_0184.jpg,OK
186,8000981,ACTAS_1000\acta_0186.jpg,OK
187,8002421,ACTAS_1000\acta_0187.jpg,OK
188,8002431,ACTAS_1000\acta_0188.jpg,OK
189,8002441,ACTAS_1000\acta_0189.jpg,OK
185,8000771,ACTAS_1000\acta_0185.jpg,OK
190,8002451,ACTAS_1000\acta_0190.jpg,OK
192,8000791,ACTAS_1000\acta_0192.jpg,OK
191,8000781,ACTAS_1000\acta_0191.jpg,OK
193,8000801,ACTAS_1000\acta_0193.jpg,OK
194,8000811,ACTAS_1000\acta_0194.jpg,OK
195,8000821,ACTAS_1000\acta_0195.jpg,OK
196,8000831,ACTAS_1000\acta_0196.jpg,OK
197,8000841,ACTAS_1000\acta_0197.jpg,OK
198,8000851,ACTAS_1000\acta_0198.jpg,OK
200,8000871,ACTAS_1000\acta_0200.jpg,OK
199,8000861,ACTAS_1000\acta_0199.jpg,OK
202,8000891,ACTAS_1000\acta_0202.jpg,OK
201,8000881,ACTAS_1000\acta_0201.jpg,OK
203,8000901,ACTAS_1000\acta_0203.jpg,OK
204,8000911,ACTAS_1000\acta_0204.jpg,OK
205,8000921,ACTAS_1000\acta_0205.jpg,OK
206,8000931,ACTAS_1000\acta_0206.jpg,OK
207,8000941,ACTAS_1000\acta_0207.jpg,OK
208,8000951,ACTAS_1000\acta_0208.jpg,OK
211,8002091,ACTAS_1000\acta_0211.jpg,OK
209,8000961,ACTAS_1000\acta_0209.jpg,OK
212,8002101,ACTAS_1000\acta_0212.jpg,OK
213,8002111,ACTAS_1000\acta_0213.jpg,OK
210,8000971,ACTAS_1000\acta_0210.jpg,OK
214,8002121,ACTAS_1000\acta_0214.jpg,OK
215,8002131,ACTAS_1000\acta_0215.jpg,OK
216,8002141,ACTAS_1000\acta_0216.jpg,OK
217,8002151,ACTAS_1000\acta_0217.jpg,OK
218,8002491,ACTAS_1000\acta_0218.jpg,OK
219,8002501,ACTAS_1000\acta_0219.jpg,OK
220,8002511,ACTAS_1000\acta_0220.jpg,OK
221,8002521,ACTAS_1000\acta_0221.jpg,OK
222,8002531,ACTAS_1000\acta_0222.jpg,OK
223,8002541,ACTAS_1000\acta_0223.jpg,OK
225,8002921,ACTAS_1000\acta_0225.jpg,OK
224,8002911,ACTAS_1000\acta_0224.jpg,OK
226,8002931,ACTAS_1000\acta_0226.jpg,OK
227,8002941,ACTAS_1000\acta_0227.jpg,OK
229,8002961,ACTAS_1000\acta_0229.jpg,OK
228,8002951,ACTAS_1000\acta_0228.jpg,OK
230,8002971,ACTAS_1000\acta_0230.jpg,OK
231,8002981,ACTAS_1000\acta_0231.jpg,OK
232,8002991,ACTAS_1000\acta_0232.jpg,OK
233,8003001,ACTAS_1000\acta_0233.jpg,OK
234,8003011,ACTAS_1000\acta_0234.jpg,OK
235,8003701,ACTAS_1000\acta_0235.jpg,OK
236,8003711,ACTAS_1000\acta_0236.jpg,OK
237,8003721,ACTAS_1000\acta_0237.jpg,OK
238,8003731,ACTAS_1000\acta_0238.jpg,OK
239,8003741,ACTAS_1000\acta_0239.jpg,OK
240,8003751,ACTAS_1000\acta_0240.jpg,OK
241,8003761,ACTAS_1000\acta_0241.jpg,OK
242,8003771,ACTAS_1000\acta_0242.jpg,OK
244,8003791,ACTAS_1000\acta_0244.jpg,OK
246,8000171,ACTAS_1000\acta_0246.jpg,OK
243,8003781,ACTAS_1000\acta_0243.jpg,OK
245,8003801,ACTAS_1000\acta_0245.jpg,OK
247,8000181,ACTAS_1000\acta_0247.jpg,OK
248,8000191,ACTAS_1000\acta_0248.jpg,OK
249,8003611,ACTAS_1000\acta_0249.jpg,OK
250,8003621,ACTAS_1000\acta_0250.jpg,OK
251,8003631,ACTAS_1000\acta_0251.jpg,OK
253,8002161,ACTAS_1000\acta_0253.jpg,OK
254,8002171,ACTAS_1000\acta_0254.jpg,OK
252,8003641,ACTAS_1000\acta_0252.jpg,OK
255,8002181,ACTAS_1000\acta_0255.jpg,OK
256,8002191,ACTAS_1000\acta_0256.jpg,OK
257,8002201,ACTAS_1000\acta_0257.jpg,OK
258,8002211,ACTAS_1000\acta_0258.jpg,OK
259,8002221,ACTAS_1000\acta_0259.jpg,OK
261,8002241,ACTAS_1000\acta_0261.jpg,OK
262,8000011,ACTAS_1000\acta_0262.jpg,OK
263,8000021,ACTAS_1000\acta_0263.jpg,OK
260,8002231,ACTAS_1000\acta_0260.jpg,OK
264,8000031,ACTAS_1000\acta_0264.jpg,OK
268,8003561,ACTAS_1000\acta_0268.jpg,OK
265,8000041,ACTAS_1000\acta_0265.jpg,OK
266,8003541,ACTAS_1000\acta_0266.jpg,OK
269,8003571,ACTAS_1000\acta_0269.jpg,OK
270,8003581,ACTAS_1000\acta_0270.jpg,OK
271,8003591,ACTAS_1000\acta_0271.jpg,OK
272,8003601,ACTAS_1000\acta_0272.jpg,OK
267,8003551,ACTAS_1000\acta_0267.jpg,OK
273,8001121,ACTAS_1000\acta_0273.jpg,OK
274,8001131,ACTAS_1000\acta_0274.jpg,OK
275,8001141,ACTAS_1000\acta_0275.jpg,OK
276,8001151,ACTAS_1000\acta_0276.jpg,OK
277,8001161,ACTAS_1000\acta_0277.jpg,OK
278,8001171,ACTAS_1000\acta_0278.jpg,OK
280,8001191,ACTAS_1000\acta_0280.jpg,OK
279,8001181,ACTAS_1000\acta_0279.jpg,OK
281,8001201,ACTAS_1000\acta_0281.jpg,OK
282,8001211,ACTAS_1000\acta_0282.jpg,OK
284,8001231,ACTAS_1000\acta_0284.jpg,OK
283,8001221,ACTAS_1000\acta_0283.jpg,OK
286,8001251,ACTAS_1000\acta_0286.jpg,OK
287,8001261,ACTAS_1000\acta_0287.jpg,OK
288,8001271,ACTAS_1000\acta_0288.jpg,OK
289,8001281,ACTAS_1000\acta_0289.jpg,OK
292,8003021,ACTAS_1000\acta_0292.jpg,OK
290,8001291,ACTAS_1000\acta_0290.jpg,OK
285,8001241,ACTAS_1000\acta_0285.jpg,OK
291,8001301,ACTAS_1000\acta_0291.jpg,OK
293,8003031,ACTAS_1000\acta_0293.jpg,OK
294,8003041,ACTAS_1000\acta_0294.jpg,OK
295,8003051,ACTAS_1000\acta_0295.jpg,OK
296,8003061,ACTAS_1000\acta_0296.jpg,OK
297,8003071,ACTAS_1000\acta_0297.jpg,OK
298,8003081,ACTAS_1000\acta_0298.jpg,OK
299,8003091,ACTAS_1000\acta_0299.jpg,OK
302,8003121,ACTAS_1000\acta_0302.jpg,OK
303,8003131,ACTAS_1000\acta_0303.jpg,OK
300,8003101,ACTAS_1000\acta_0300.jpg,OK
301,8003111,ACTAS_1000\acta_0301.jpg,OK
304,8003141,ACTAS_1000\acta_0304.jpg,OK
305,8003151,ACTAS_1000\acta_0305.jpg,OK
306,8003161,ACTAS_1000\acta_0306.jpg,OK
307,8000201,ACTAS_1000\acta_0307.jpg,OK
308,8000211,ACTAS_1000\acta_0308.jpg,OK
310,8000231,ACTAS_1000\acta_0310.jpg,OK
309,8000221,ACTAS_1000\acta_0309.jpg,OK
311,8003861,ACTAS_1000\acta_0311.jpg,OK
312,8003871,ACTAS_1000\acta_0312.jpg,OK
313,8003881,ACTAS_1000\acta_0313.jpg,OK
314,8003891,ACTAS_1000\acta_0314.jpg,OK
316,8003911,ACTAS_1000\acta_0316.jpg,OK
317,8000051,ACTAS_1000\acta_0317.jpg,OK
318,8000061,ACTAS_1000\acta_0318.jpg,OK
319,8000071,ACTAS_1000\acta_0319.jpg,OK
321,8000091,ACTAS_1000\acta_0321.jpg,OK
320,8000081,ACTAS_1000\acta_0320.jpg,OK
322,8000101,ACTAS_1000\acta_0322.jpg,OK
315,8003901,ACTAS_1000\acta_0315.jpg,OK
323,8000111,ACTAS_1000\acta_0323.jpg,OK
324,8002251,ACTAS_1000\acta_0324.jpg,OK
325,8002261,ACTAS_1000\acta_0325.jpg,OK
326,8002271,ACTAS_1000\acta_0326.jpg,OK
327,8002281,ACTAS_1000\acta_0327.jpg,OK
328,8002291,ACTAS_1000\acta_0328.jpg,OK
329,8002301,ACTAS_1000\acta_0329.jpg,OK
331,8002321,ACTAS_1000\acta_0331.jpg,OK
330,8002311,ACTAS_1000\acta_0330.jpg,OK
332,8002331,ACTAS_1000\acta_0332.jpg,OK
333,8002341,ACTAS_1000\acta_0333.jpg,OK
334,8002351,ACTAS_1000\acta_0334.jpg,OK
335,8001481,ACTAS_1000\acta_0335.jpg,OK
336,8001491,ACTAS_1000\acta_0336.jpg,OK
338,8001511,ACTAS_1000\acta_0338.jpg,OK
340,8001531,ACTAS_1000\acta_0340.jpg,OK
339,8001521,ACTAS_1000\acta_0339.jpg,OK
337,8001501,ACTAS_1000\acta_0337.jpg,OK
341,8001541,ACTAS_1000\acta_0341.jpg,OK
342,8001551,ACTAS_1000\acta_0342.jpg,OK
343,8001561,ACTAS_1000\acta_0343.jpg,OK
344,8001571,ACTAS_1000\acta_0344.jpg,OK
345,8001581,ACTAS_1000\acta_0345.jpg,OK
347,8001601,ACTAS_1000\acta_0347.jpg,OK
346,8001591,ACTAS_1000\acta_0346.jpg,OK
348,8001611,ACTAS_1000\acta_0348.jpg,OK
349,8001621,ACTAS_1000\acta_0349.jpg,OK
350,8001631,ACTAS_1000\acta_0350.jpg,OK
351,8000431,ACTAS_1000\acta_0351.jpg,OK
352,8000441,ACTAS_1000\acta_0352.jpg,OK
353,8000451,ACTAS_1000\acta_0353.jpg,OK
354,8000461,ACTAS_1000\acta_0354.jpg,OK
355,8000471,ACTAS_1000\acta_0355.jpg,OK
356,8000481,ACTAS_1000\acta_0356.jpg,OK
357,8000491,ACTAS_1000\acta_0357.jpg,OK
358,8000501,ACTAS_1000\acta_0358.jpg,OK
360,8000521,ACTAS_1000\acta_0360.jpg,OK
359,8000511,ACTAS_1000\acta_0359.jpg,OK
361,8000531,ACTAS_1000\acta_0361.jpg,OK
363,8001651,ACTAS_1000\acta_0363.jpg,OK
364,8001661,ACTAS_1000\acta_0364.jpg,OK
362,8001641,ACTAS_1000\acta_0362.jpg,OK
365,8001671,ACTAS_1000\acta_0365.jpg,OK
366,8001681,ACTAS_1000\acta_0366.jpg,OK
367,8001691,ACTAS_1000\acta_0367.jpg,OK
372,8002551,ACTAS_1000\acta_0372.jpg,OK
369,8001711,ACTAS_1000\acta_0369.jpg,OK
373,8002561,ACTAS_1000\acta_0373.jpg,OK
368,8001701,ACTAS_1000\acta_0368.jpg,OK
370,8001721,ACTAS_1000\acta_0370.jpg,OK
374,8002571,ACTAS_1000\acta_0374.jpg,OK
371,8001731,ACTAS_1000\acta_0371.jpg,OK
375,8002581,ACTAS_1000\acta_0375.jpg,OK
376,8001801,ACTAS_1000\acta_0376.jpg,OK
377,8001811,ACTAS_1000\acta_0377.jpg,OK
378,8001821,ACTAS_1000\acta_0378.jpg,OK
379,8001831,ACTAS_1000\acta_0379.jpg,OK
380,8001841,ACTAS_1000\acta_0380.jpg,OK
381,8001851,ACTAS_1000\acta_0381.jpg,OK
382,8001861,ACTAS_1000\acta_0382.jpg,OK
383,8001871,ACTAS_1000\acta_0383.jpg,OK
384,8001881,ACTAS_1000\acta_0384.jpg,OK
385,8001891,ACTAS_1000\acta_0385.jpg,OK
386,8001901,ACTAS_1000\acta_0386.jpg,OK
387,8001911,ACTAS_1000\acta_0387.jpg,OK
388,8001921,ACTAS_1000\acta_0388.jpg,OK
389,8001931,ACTAS_1000\acta_0389.jpg,OK
390,8003391,ACTAS_1000\acta_0390.jpg,OK
392,8003411,ACTAS_1000\acta_0392.jpg,OK
393,8003421,ACTAS_1000\acta_0393.jpg,OK
394,8003431,ACTAS_1000\acta_0394.jpg,OK
391,8003401,ACTAS_1000\acta_0391.jpg,OK
395,8003441,ACTAS_1000\acta_0395.jpg,OK
397,8003461,ACTAS_1000\acta_0397.jpg,OK
396,8003451,ACTAS_1000\acta_0396.jpg,OK
399,8003481,ACTAS_1000\acta_0399.jpg,OK
402,8003511,ACTAS_1000\acta_0402.jpg,OK
400,8003491,ACTAS_1000\acta_0400.jpg,OK
398,8003471,ACTAS_1000\acta_0398.jpg,OK
404,8003531,ACTAS_1000\acta_0404.jpg,OK
403,8003521,ACTAS_1000\acta_0403.jpg,OK
405,8002801,ACTAS_1000\acta_0405.jpg,OK
401,8003501,ACTAS_1000\acta_0401.jpg,OK
406,8002811,ACTAS_1000\acta_0406.jpg,OK
407,8002821,ACTAS_1000\acta_0407.jpg,OK
408,8002831,ACTAS_1000\acta_0408.jpg,OK
410,8002851,ACTAS_1000\acta_0410.jpg,OK
409,8002841,ACTAS_1000\acta_0409.jpg,OK
411,8002861,ACTAS_1000\acta_0411.jpg,OK
412,8002871,ACTAS_1000\acta_0412.jpg,OK
413,8002881,ACTAS_1000\acta_0413.jpg,OK
414,8002891,ACTAS_1000\acta_0414.jpg,OK
415,8002901,ACTAS_1000\acta_0415.jpg,OK
416,8003811,ACTAS_1000\acta_0416.jpg,OK
417,8003821,ACTAS_1000\acta_0417.jpg,OK
418,8003831,ACTAS_1000\acta_0418.jpg,OK
419,8003841,ACTAS_1000\acta_0419.jpg,OK
420,8003851,ACTAS_1000\acta_0420.jpg,OK
421,8001421,ACTAS_1000\acta_0421.jpg,OK
422,8001431,ACTAS_1000\acta_0422.jpg,OK
423,8001441,ACTAS_1000\acta_0423.jpg,OK
427,8010872,ACTAS_1000\acta_0427.jpg,OK
426,8001471,ACTAS_1000\acta_0426.jpg,OK
424,8001451,ACTAS_1000\acta_0424.jpg,OK
425,8001461,ACTAS_1000\acta_0425.jpg,OK
428,8010932,ACTAS_1000\acta_0428.jpg,OK
429,8010942,ACTAS_1000\acta_0429.jpg,OK
430,8010951,ACTAS_1000\acta_0430.jpg,OK
431,8010961,ACTAS_1000\acta_0431.jpg,OK
434,8010861,ACTAS_1000\acta_0434.jpg,OK
432,8010841,ACTAS_1000\acta_0432.jpg,OK
433,8010851,ACTAS_1000\acta_0433.jpg,OK
435,8010371,ACTAS_1000\acta_0435.jpg,OK
436,8010381,ACTAS_1000\acta_0436.jpg,OK
437,8010881,ACTAS_1000\acta_0437.jpg,OK
438,8010391,ACTAS_1000\acta_0438.jpg,OK
440,8010411,ACTAS_1000\acta_0440.jpg,OK
439,8010401,ACTAS_1000\acta_0439.jpg,OK
442,8010431,ACTAS_1000\acta_0442.jpg,OK
441,8010421,ACTAS_1000\acta_0441.jpg,OK
444,8010451,ACTAS_1000\acta_0444.jpg,OK
443,8010441,ACTAS_1000\acta_0443.jpg,OK
445,8010461,ACTAS_1000\acta_0445.jpg,OK
446,8010611,ACTAS_1000\acta_0446.jpg,OK
447,8010621,ACTAS_1000\acta_0447.jpg,OK
448,8010631,ACTAS_1000\acta_0448.jpg,OK
449,8010641,ACTAS_1000\acta_0449.jpg,OK
450,8010651,ACTAS_1000\acta_0450.jpg,OK
451,8010661,ACTAS_1000\acta_0451.jpg,OK
452,8010671,ACTAS_1000\acta_0452.jpg,OK
453,8010711,ACTAS_1000\acta_0453.jpg,OK
454,8010721,ACTAS_1000\acta_0454.jpg,OK
455,8010731,ACTAS_1000\acta_0455.jpg,OK
457,8010751,ACTAS_1000\acta_0457.jpg,OK
456,8010741,ACTAS_1000\acta_0456.jpg,OK
460,8010681,ACTAS_1000\acta_0460.jpg,OK
459,8010771,ACTAS_1000\acta_0459.jpg,OK
458,8010761,ACTAS_1000\acta_0458.jpg,OK
461,8010691,ACTAS_1000\acta_0461.jpg,OK
462,8010701,ACTAS_1000\acta_0462.jpg,OK
463,8010781,ACTAS_1000\acta_0463.jpg,OK
465,8010801,ACTAS_1000\acta_0465.jpg,OK
466,8010811,ACTAS_1000\acta_0466.jpg,OK
464,8010791,ACTAS_1000\acta_0464.jpg,OK
468,8010831,ACTAS_1000\acta_0468.jpg,OK
469,8010471,ACTAS_1000\acta_0469.jpg,OK
467,8010821,ACTAS_1000\acta_0467.jpg,OK
470,8010481,ACTAS_1000\acta_0470.jpg,OK
471,8010491,ACTAS_1000\acta_0471.jpg,OK
474,8010521,ACTAS_1000\acta_0474.jpg,OK
472,8010501,ACTAS_1000\acta_0472.jpg,OK
473,8010511,ACTAS_1000\acta_0473.jpg,OK
477,8010551,ACTAS_1000\acta_0477.jpg,OK
476,8010541,ACTAS_1000\acta_0476.jpg,OK
475,8010531,ACTAS_1000\acta_0475.jpg,OK
478,8010561,ACTAS_1000\acta_0478.jpg,OK
479,8010571,ACTAS_1000\acta_0479.jpg,OK
480,8010581,ACTAS_1000\acta_0480.jpg,OK
481,8010591,ACTAS_1000\acta_0481.jpg,OK
482,8010601,ACTAS_1000\acta_0482.jpg,OK
483,8010891,ACTAS_1000\acta_0483.jpg,OK
484,8010901,ACTAS_1000\acta_0484.jpg,OK
485,8010911,ACTAS_1000\acta_0485.jpg,OK
486,8010921,ACTAS_1000\acta_0486.jpg,OK
487,8008812,ACTAS_1000\acta_0487.jpg,OK
488,8008822,ACTAS_1000\acta_0488.jpg,OK
489,8008842,ACTAS_1000\acta_0489.jpg,OK
490,8008872,ACTAS_1000\acta_0490.jpg,OK
491,8008862,ACTAS_1000\acta_0491.jpg,OK
492,8008881,ACTAS_1000\acta_0492.jpg,OK
493,8008561,ACTAS_1000\acta_0493.jpg,OK
494,8008792,ACTAS_1000\acta_0494.jpg,OK
496,8008691,ACTAS_1000\acta_0496.jpg,OK
495,8008891,ACTAS_1000\acta_0495.jpg,OK
497,8008701,ACTAS_1000\acta_0497.jpg,OK
498,8008711,ACTAS_1000\acta_0498.jpg,OK
500,8008731,ACTAS_1000\acta_0500.jpg,OK
499,8008721,ACTAS_1000\acta_0499.jpg,OK
501,8008741,ACTAS_1000\acta_0501.jpg,OK
502,8008751,ACTAS_1000\acta_0502.jpg,OK
503,8008761,ACTAS_1000\acta_0503.jpg,OK
504,8008771,ACTAS_1000\acta_0504.jpg,OK
505,8008781,ACTAS_1000\acta_0505.jpg,OK
507,8008621,ACTAS_1000\acta_0507.jpg,OK
508,8008631,ACTAS_1000\acta_0508.jpg,OK
506,8008611,ACTAS_1000\acta_0506.jpg,OK
509,8008641,ACTAS_1000\acta_0509.jpg,OK
510,8008651,ACTAS_1000\acta_0510.jpg,OK
511,8008661,ACTAS_1000\acta_0511.jpg,OK
512,8008671,ACTAS_1000\acta_0512.jpg,OK
515,8008581,ACTAS_1000\acta_0515.jpg,OK
514,8008571,ACTAS_1000\acta_0514.jpg,OK
513,8008681,ACTAS_1000\acta_0513.jpg,OK
516,8008591,ACTAS_1000\acta_0516.jpg,OK
517,8008601,ACTAS_1000\acta_0517.jpg,OK
518,8008852,ACTAS_1000\acta_0518.jpg,OK
520,8008902,ACTAS_1000\acta_0520.jpg,OK
519,8008802,ACTAS_1000\acta_0519.jpg,OK
521,8008832,ACTAS_1000\acta_0521.jpg,OK
523,8010052,ACTAS_1000\acta_0523.jpg,OK
522,8010042,ACTAS_1000\acta_0522.jpg,OK
524,8009782,ACTAS_1000\acta_0524.jpg,OK
525,8009792,ACTAS_1000\acta_0525.jpg,OK
526,8009802,ACTAS_1000\acta_0526.jpg,OK
528,8009671,ACTAS_1000\acta_0528.jpg,OK
527,8009661,ACTAS_1000\acta_0527.jpg,OK
531,8009991,ACTAS_1000\acta_0531.jpg,OK
529,8009681,ACTAS_1000\acta_0529.jpg,OK
530,8009691,ACTAS_1000\acta_0530.jpg,OK
532,8010001,ACTAS_1000\acta_0532.jpg,OK
533,8010011,ACTAS_1000\acta_0533.jpg,OK
534,8009862,ACTAS_1000\acta_0534.jpg,OK
535,8009872,ACTAS_1000\acta_0535.jpg,OK
536,8009882,ACTAS_1000\acta_0536.jpg,OK
538,8009712,ACTAS_1000\acta_0538.jpg,OK
537,8009481,ACTAS_1000\acta_0537.jpg,OK
539,8009722,ACTAS_1000\acta_0539.jpg,OK
540,8009732,ACTAS_1000\acta_0540.jpg,OK
541,8009742,ACTAS_1000\acta_0541.jpg,OK
542,8009641,ACTAS_1000\acta_0542.jpg,OK
543,8009651,ACTAS_1000\acta_0543.jpg,OK
544,8009811,ACTAS_1000\acta_0544.jpg,OK
545,8009942,ACTAS_1000\acta_0545.jpg,OK
546,8009952,ACTAS_1000\acta_0546.jpg,OK
547,8009962,ACTAS_1000\acta_0547.jpg,OK
548,8009971,ACTAS_1000\acta_0548.jpg,OK
549,8009981,ACTAS_1000\acta_0549.jpg,OK
551,8009902,ACTAS_1000\acta_0551.jpg,OK
552,8009912,ACTAS_1000\acta_0552.jpg,OK
550,8009892,ACTAS_1000\acta_0550.jpg,OK
554,8010022,ACTAS_1000\acta_0554.jpg,OK
555,8010032,ACTAS_1000\acta_0555.jpg,OK
553,8009821,ACTAS_1000\acta_0553.jpg,OK
556,8009752,ACTAS_1000\acta_0556.jpg,OK
557,8009762,ACTAS_1000\acta_0557.jpg,OK
558,8009772,ACTAS_1000\acta_0558.jpg,OK
559,8009921,ACTAS_1000\acta_0559.jpg,OK
561,8009702,ACTAS_1000\acta_0561.jpg,OK
562,8009051,ACTAS_1000\acta_0562.jpg,OK
560,8009931,ACTAS_1000\acta_0560.jpg,OK
563,8009061,ACTAS_1000\acta_0563.jpg,OK
564,8009071,ACTAS_1000\acta_0564.jpg,OK
565,8009081,ACTAS_1000\acta_0565.jpg,OK
566,8009091,ACTAS_1000\acta_0566.jpg,OK
567,8009101,ACTAS_1000\acta_0567.jpg,OK
569,8009121,ACTAS_1000\acta_0569.jpg,OK
568,8009111,ACTAS_1000\acta_0568.jpg,OK
570,8009131,ACTAS_1000\acta_0570.jpg,OK
571,8009141,ACTAS_1000\acta_0571.jpg,OK
572,8009251,ACTAS_1000\acta_0572.jpg,OK
573,8009261,ACTAS_1000\acta_0573.jpg,OK
575,8009281,ACTAS_1000\acta_0575.jpg,OK
574,8009271,ACTAS_1000\acta_0574.jpg,OK
577,8009301,ACTAS_1000\acta_0577.jpg,OK
576,8009291,ACTAS_1000\acta_0576.jpg,OK
578,8009311,ACTAS_1000\acta_0578.jpg,OK
580,8009381,ACTAS_1000\acta_0580.jpg,OK
579,8009321,ACTAS_1000\acta_0579.jpg,OK
581,8009391,ACTAS_1000\acta_0581.jpg,OK
582,8009401,ACTAS_1000\acta_0582.jpg,OK
583,8009411,ACTAS_1000\acta_0583.jpg,OK
584,8009421,ACTAS_1000\acta_0584.jpg,OK
585,8009431,ACTAS_1000\acta_0585.jpg,OK
586,8009441,ACTAS_1000\acta_0586.jpg,OK
587,8009451,ACTAS_1000\acta_0587.jpg,OK
588,8009461,ACTAS_1000\acta_0588.jpg,OK
589,8009151,ACTAS_1000\acta_0589.jpg,OK
590,8009161,ACTAS_1000\acta_0590.jpg,OK
591,8009171,ACTAS_1000\acta_0591.jpg,OK
592,8009181,ACTAS_1000\acta_0592.jpg,OK
594,8009201,ACTAS_1000\acta_0594.jpg,OK
593,8009191,ACTAS_1000\acta_0593.jpg,OK
595,8009211,ACTAS_1000\acta_0595.jpg,OK
596,8009221,ACTAS_1000\acta_0596.jpg,OK
597,8009231,ACTAS_1000\acta_0597.jpg,OK
599,8008971,ACTAS_1000\acta_0599.jpg,OK
598,8009241,ACTAS_1000\acta_0598.jpg,OK
600,8008981,ACTAS_1000\acta_0600.jpg,OK
601,8008991,ACTAS_1000\acta_0601.jpg,OK
602,8009001,ACTAS_1000\acta_0602.jpg,OK
603,8009011,ACTAS_1000\acta_0603.jpg,OK
604,8009021,ACTAS_1000\acta_0604.jpg,OK
605,8009031,ACTAS_1000\acta_0605.jpg,OK
607,8009331,ACTAS_1000\acta_0607.jpg,OK
606,8009041,ACTAS_1000\acta_0606.jpg,OK
608,8009341,ACTAS_1000\acta_0608.jpg,OK
609,8009351,ACTAS_1000\acta_0609.jpg,OK
610,8009361,ACTAS_1000\acta_0610.jpg,OK
611,8009371,ACTAS_1000\acta_0611.jpg,OK
612,8008911,ACTAS_1000\acta_0612.jpg,OK
613,8008921,ACTAS_1000\acta_0613.jpg,OK
614,8008931,ACTAS_1000\acta_0614.jpg,OK
615,8008941,ACTAS_1000\acta_0615.jpg,OK
616,8008951,ACTAS_1000\acta_0616.jpg,OK
618,8009471,ACTAS_1000\acta_0618.jpg,OK
617,8008961,ACTAS_1000\acta_0617.jpg,OK
619,8009832,ACTAS_1000\acta_0619.jpg,OK
620,8009842,ACTAS_1000\acta_0620.jpg,OK
621,8009852,ACTAS_1000\acta_0621.jpg,OK
622,8009491,ACTAS_1000\acta_0622.jpg,OK
624,8009511,ACTAS_1000\acta_0624.jpg,OK
623,8009501,ACTAS_1000\acta_0623.jpg,OK
626,8009531,ACTAS_1000\acta_0626.jpg,OK
627,8009541,ACTAS_1000\acta_0627.jpg,OK
625,8009521,ACTAS_1000\acta_0625.jpg,OK
628,8009551,ACTAS_1000\acta_0628.jpg,OK
629,8009561,ACTAS_1000\acta_0629.jpg,OK
630,8009571,ACTAS_1000\acta_0630.jpg,OK
631,8009581,ACTAS_1000\acta_0631.jpg,OK
632,8009591,ACTAS_1000\acta_0632.jpg,OK
633,8009601,ACTAS_1000\acta_0633.jpg,OK
634,8009611,ACTAS_1000\acta_0634.jpg,OK
635,8009621,ACTAS_1000\acta_0635.jpg,OK
636,8009631,ACTAS_1000\acta_0636.jpg,OK
637,8010321,ACTAS_1000\acta_0637.jpg,OK
638,8010331,ACTAS_1000\acta_0638.jpg,OK
640,8010351,ACTAS_1000\acta_0640.jpg,OK
639,8010291,ACTAS_1000\acta_0639.jpg,OK
641,8010311,ACTAS_1000\acta_0641.jpg,OK
642,8010271,ACTAS_1000\acta_0642.jpg,OK
643,8010281,ACTAS_1000\acta_0643.jpg,OK
644,8010261,ACTAS_1000\acta_0644.jpg,OK
645,8010341,ACTAS_1000\acta_0645.jpg,OK
646,8010301,ACTAS_1000\acta_0646.jpg,OK
647,8010061,ACTAS_1000\acta_0647.jpg,OK
648,8010071,ACTAS_1000\acta_0648.jpg,OK
650,8010091,ACTAS_1000\acta_0650.jpg,OK
651,8010101,ACTAS_1000\acta_0651.jpg,OK
649,8010081,ACTAS_1000\acta_0649.jpg,OK
652,8010111,ACTAS_1000\acta_0652.jpg,OK
653,8010121,ACTAS_1000\acta_0653.jpg,OK
654,8010131,ACTAS_1000\acta_0654.jpg,OK
655,8010141,ACTAS_1000\acta_0655.jpg,OK
656,8010151,ACTAS_1000\acta_0656.jpg,OK
657,8010161,ACTAS_1000\acta_0657.jpg,OK
658,8010171,ACTAS_1000\acta_0658.jpg,OK
659,8010181,ACTAS_1000\acta_0659.jpg,OK
660,8010191,ACTAS_1000\acta_0660.jpg,OK
661,8010201,ACTAS_1000\acta_0661.jpg,OK
663,8010221,ACTAS_1000\acta_0663.jpg,OK
662,8010211,ACTAS_1000\acta_0662.jpg,OK
664,8010231,ACTAS_1000\acta_0664.jpg,OK
665,8010241,ACTAS_1000\acta_0665.jpg,OK
667,8010361,ACTAS_1000\acta_0667.jpg,OK
666,8010251,ACTAS_1000\acta_0666.jpg,OK
668,8013611,ACTAS_1000\acta_0668.jpg,OK
669,8013461,ACTAS_1000\acta_0669.jpg,OK
670,8013471,ACTAS_1000\acta_0670.jpg,OK
671,8013481,ACTAS_1000\acta_0671.jpg,OK
672,8013491,ACTAS_1000\acta_0672.jpg,OK
673,8013501,ACTAS_1000\acta_0673.jpg,OK
674,8013511,ACTAS_1000\acta_0674.jpg,OK
675,8013521,ACTAS_1000\acta_0675.jpg,OK
676,8013561,ACTAS_1000\acta_0676.jpg,OK
677,8013571,ACTAS_1000\acta_0677.jpg,OK
678,8013531,ACTAS_1000\acta_0678.jpg,OK
680,8013541,ACTAS_1000\acta_0680.jpg,OK
679,8013632,ACTAS_1000\acta_0679.jpg,OK
681,8013551,ACTAS_1000\acta_0681.jpg,OK
682,8013601,ACTAS_1000\acta_0682.jpg,OK
684,8013621,ACTAS_1000\acta_0684.jpg,OK
683,8013642,ACTAS_1000\acta_0683.jpg,OK
685,8013581,ACTAS_1000\acta_0685.jpg,OK
686,8013591,ACTAS_1000\acta_0686.jpg,OK
688,8013711,ACTAS_1000\acta_0688.jpg,OK
689,8013721,ACTAS_1000\acta_0689.jpg,OK
690,8013651,ACTAS_1000\acta_0690.jpg,OK
687,8013701,ACTAS_1000\acta_0687.jpg,OK
692,8013671,ACTAS_1000\acta_0692.jpg,OK
691,8013661,ACTAS_1000\acta_0691.jpg,OK
693,8013681,ACTAS_1000\acta_0693.jpg,OK
694,8013691,ACTAS_1000\acta_0694.jpg,OK
695,8013731,ACTAS_1000\acta_0695.jpg,OK
696,8013361,ACTAS_1000\acta_0696.jpg,OK
697,8013371,ACTAS_1000\acta_0697.jpg,OK
698,8013381,ACTAS_1000\acta_0698.jpg,OK
700,8013401,ACTAS_1000\acta_0700.jpg,OK
699,8013391,ACTAS_1000\acta_0699.jpg,OK
701,8013411,ACTAS_1000\acta_0701.jpg,OK
702,8013421,ACTAS_1000\acta_0702.jpg,OK
703,8013431,ACTAS_1000\acta_0703.jpg,OK
704,8013312,ACTAS_1000\acta_0704.jpg,OK
706,8013211,ACTAS_1000\acta_0706.jpg,OK
705,8013201,ACTAS_1000\acta_0705.jpg,OK
708,8013231,ACTAS_1000\acta_0708.jpg,OK
707,8013221,ACTAS_1000\acta_0707.jpg,OK
709,8013241,ACTAS_1000\acta_0709.jpg,OK
710,8013251,ACTAS_1000\acta_0710.jpg,OK
711,8013261,ACTAS_1000\acta_0711.jpg,OK
712,8013271,ACTAS_1000\acta_0712.jpg,OK
713,8013281,ACTAS_1000\acta_0713.jpg,OK
715,8013121,ACTAS_1000\acta_0715.jpg,OK
714,8013291,ACTAS_1000\acta_0714.jpg,OK
716,8013131,ACTAS_1000\acta_0716.jpg,OK
717,8013141,ACTAS_1000\acta_0717.jpg,OK
718,8013151,ACTAS_1000\acta_0718.jpg,OK
719,8013161,ACTAS_1000\acta_0719.jpg,OK
721,8013181,ACTAS_1000\acta_0721.jpg,OK
720,8013171,ACTAS_1000\acta_0720.jpg,OK
722,8013191,ACTAS_1000\acta_0722.jpg,OK
724,8013301,ACTAS_1000\acta_0724.jpg,OK
723,8013452,ACTAS_1000\acta_0723.jpg,OK
725,8013341,ACTAS_1000\acta_0725.jpg,OK
726,8013351,ACTAS_1000\acta_0726.jpg,OK
727,8013441,ACTAS_1000\acta_0727.jpg,OK
730,8013112,ACTAS_1000\acta_0730.jpg,OK
728,8013322,ACTAS_1000\acta_0728.jpg,OK
729,8013332,ACTAS_1000\acta_0729.jpg,OK
732,8013091,ACTAS_1000\acta_0732.jpg,OK
731,8013081,ACTAS_1000\acta_0731.jpg,OK
733,8013102,ACTAS_1000\acta_0733.jpg,OK
734,8012921,ACTAS_1000\acta_0734.jpg,OK
735,8012942,ACTAS_1000\acta_0735.jpg,OK
738,8012771,ACTAS_1000\acta_0738.jpg,OK
736,8012932,ACTAS_1000\acta_0736.jpg,OK
737,8012761,ACTAS_1000\acta_0737.jpg,OK
740,8012791,ACTAS_1000\acta_0740.jpg,OK
739,8012781,ACTAS_1000\acta_0739.jpg,OK
741,8012801,ACTAS_1000\acta_0741.jpg,OK
742,8012811,ACTAS_1000\acta_0742.jpg,OK
743,8012821,ACTAS_1000\acta_0743.jpg,OK
744,8012831,ACTAS_1000\acta_0744.jpg,OK
746,8012851,ACTAS_1000\acta_0746.jpg,OK
745,8012841,ACTAS_1000\acta_0745.jpg,OK
747,8012861,ACTAS_1000\acta_0747.jpg,OK
748,8012871,ACTAS_1000\acta_0748.jpg,OK
749,8012881,ACTAS_1000\acta_0749.jpg,OK
750,8012891,ACTAS_1000\acta_0750.jpg,OK
751,8012901,ACTAS_1000\acta_0751.jpg,OK
753,8013071,ACTAS_1000\acta_0753.jpg,OK
754,8013061,ACTAS_1000\acta_0754.jpg,OK
752,8012911,ACTAS_1000\acta_0752.jpg,OK
756,8012961,ACTAS_1000\acta_0756.jpg,OK
755,8012951,ACTAS_1000\acta_0755.jpg,OK
757,8012971,ACTAS_1000\acta_0757.jpg,OK
758,8012981,ACTAS_1000\acta_0758.jpg,OK
759,8012991,ACTAS_1000\acta_0759.jpg,OK
761,8013011,ACTAS_1000\acta_0761.jpg,OK
762,8013021,ACTAS_1000\acta_0762.jpg,OK
760,8013001,ACTAS_1000\acta_0760.jpg,OK
763,8013031,ACTAS_1000\acta_0763.jpg,OK
764,8013041,ACTAS_1000\acta_0764.jpg,OK
765,8013051,ACTAS_1000\acta_0765.jpg,OK
766,8012271,ACTAS_1000\acta_0766.jpg,OK
767,8012281,ACTAS_1000\acta_0767.jpg,OK
768,8012292,ACTAS_1000\acta_0768.jpg,OK
769,8012231,ACTAS_1000\acta_0769.jpg,OK
770,8012241,ACTAS_1000\acta_0770.jpg,OK
771,8012251,ACTAS_1000\acta_0771.jpg,OK
772,8012351,ACTAS_1000\acta_0772.jpg,OK
773,8012301,ACTAS_1000\acta_0773.jpg,OK
774,8012311,ACTAS_1000\acta_0774.jpg,OK
775,8012261,ACTAS_1000\acta_0775.jpg,OK
776,8012322,ACTAS_1000\acta_0776.jpg,OK
778,8012331,ACTAS_1000\acta_0778.jpg,OK
777,8012341,ACTAS_1000\acta_0777.jpg,OK
779,8012362,ACTAS_1000\acta_0779.jpg,OK
780,8012661,ACTAS_1000\acta_0780.jpg,OK
781,8012621,ACTAS_1000\acta_0781.jpg,OK
783,8012571,ACTAS_1000\acta_0783.jpg,OK
782,8012631,ACTAS_1000\acta_0782.jpg,OK
784,8012671,ACTAS_1000\acta_0784.jpg,OK
785,8012681,ACTAS_1000\acta_0785.jpg,OK
786,8012651,ACTAS_1000\acta_0786.jpg,OK
787,8012641,ACTAS_1000\acta_0787.jpg,OK
788,8012711,ACTAS_1000\acta_0788.jpg,OK
789,8012721,ACTAS_1000\acta_0789.jpg,OK
791,8012701,ACTAS_1000\acta_0791.jpg,OK
790,8012691,ACTAS_1000\acta_0790.jpg,OK
793,8012371,ACTAS_1000\acta_0793.jpg,OK
794,8012381,ACTAS_1000\acta_0794.jpg,OK
792,8012391,ACTAS_1000\acta_0792.jpg,OK
796,8012441,ACTAS_1000\acta_0796.jpg,OK
795,8012581,ACTAS_1000\acta_0795.jpg,OK
797,8012451,ACTAS_1000\acta_0797.jpg,OK
798,8012461,ACTAS_1000\acta_0798.jpg,OK
799,8012471,ACTAS_1000\acta_0799.jpg,OK
800,8012481,ACTAS_1000\acta_0800.jpg,OK
802,8012501,ACTAS_1000\acta_0802.jpg,OK
801,8012491,ACTAS_1000\acta_0801.jpg,OK
804,8012521,ACTAS_1000\acta_0804.jpg,OK
803,8012511,ACTAS_1000\acta_0803.jpg,OK
805,8012531,ACTAS_1000\acta_0805.jpg,OK
806,8012541,ACTAS_1000\acta_0806.jpg,OK
807,8012551,ACTAS_1000\acta_0807.jpg,OK
808,8012561,ACTAS_1000\acta_0808.jpg,OK
809,8012411,ACTAS_1000\acta_0809.jpg,OK
810,8012421,ACTAS_1000\acta_0810.jpg,OK
811,8012431,ACTAS_1000\acta_0811.jpg,OK
812,8012601,ACTAS_1000\acta_0812.jpg,OK
813,8012611,ACTAS_1000\acta_0813.jpg,OK
814,8012751,ACTAS_1000\acta_0814.jpg,OK
815,8012591,ACTAS_1000\acta_0815.jpg,OK
816,8012401,ACTAS_1000\acta_0816.jpg,OK
818,8012741,ACTAS_1000\acta_0818.jpg,OK
817,8012731,ACTAS_1000\acta_0817.jpg,OK
819,8011922,ACTAS_1000\acta_0819.jpg,OK
820,8012092,ACTAS_1000\acta_0820.jpg,OK
821,8012142,ACTAS_1000\acta_0821.jpg,OK
822,8011931,ACTAS_1000\acta_0822.jpg,OK
823,8011912,ACTAS_1000\acta_0823.jpg,OK
824,8012042,ACTAS_1000\acta_0824.jpg,OK
825,8012072,ACTAS_1000\acta_0825.jpg,OK
826,8012051,ACTAS_1000\acta_0826.jpg,OK
827,8012102,ACTAS_1000\acta_0827.jpg,OK
828,8012112,ACTAS_1000\acta_0828.jpg,OK
829,8012022,ACTAS_1000\acta_0829.jpg,OK
830,8012062,ACTAS_1000\acta_0830.jpg,OK
831,8012122,ACTAS_1000\acta_0831.jpg,OK
832,8011942,ACTAS_1000\acta_0832.jpg,OK
834,8011561,ACTAS_1000\acta_0834.jpg,OK
835,8011571,ACTAS_1000\acta_0835.jpg,OK
833,8011952,ACTAS_1000\acta_0833.jpg,OK
836,8011581,ACTAS_1000\acta_0836.jpg,OK
837,8011591,ACTAS_1000\acta_0837.jpg,OK
838,8011601,ACTAS_1000\acta_0838.jpg,OK
839,8011611,ACTAS_1000\acta_0839.jpg,OK
840,8011621,ACTAS_1000\acta_0840.jpg,OK
841,8011631,ACTAS_1000\acta_0841.jpg,OK
843,8011651,ACTAS_1000\acta_0843.jpg,OK
844,8011721,ACTAS_1000\acta_0844.jpg,OK
845,8011731,ACTAS_1000\acta_0845.jpg,OK
842,8011641,ACTAS_1000\acta_0842.jpg,OK
846,8011741,ACTAS_1000\acta_0846.jpg,OK
847,8011751,ACTAS_1000\acta_0847.jpg,OK
848,8011761,ACTAS_1000\acta_0848.jpg,OK
849,8011771,ACTAS_1000\acta_0849.jpg,OK
850,8011781,ACTAS_1000\acta_0850.jpg,OK
851,8011791,ACTAS_1000\acta_0851.jpg,OK
852,8011801,ACTAS_1000\acta_0852.jpg,OK
853,8011811,ACTAS_1000\acta_0853.jpg,OK
854,8011821,ACTAS_1000\acta_0854.jpg,OK
855,8011831,ACTAS_1000\acta_0855.jpg,OK
856,8011841,ACTAS_1000\acta_0856.jpg,OK
857,8011851,ACTAS_1000\acta_0857.jpg,OK
859,8011871,ACTAS_1000\acta_0859.jpg,OK
858,8011861,ACTAS_1000\acta_0858.jpg,OK
860,8011881,ACTAS_1000\acta_0860.jpg,OK
861,8011891,ACTAS_1000\acta_0861.jpg,OK
862,8011661,ACTAS_1000\acta_0862.jpg,OK
863,8011671,ACTAS_1000\acta_0863.jpg,OK
864,8011681,ACTAS_1000\acta_0864.jpg,OK
866,8011701,ACTAS_1000\acta_0866.jpg,OK
865,8011691,ACTAS_1000\acta_0865.jpg,OK
868,8011901,ACTAS_1000\acta_0868.jpg,OK
867,8011711,ACTAS_1000\acta_0867.jpg,OK
869,8011992,ACTAS_1000\acta_0869.jpg,OK
870,8012132,ACTAS_1000\acta_0870.jpg,OK
871,8011962,ACTAS_1000\acta_0871.jpg,OK
872,8011972,ACTAS_1000\acta_0872.jpg,OK
873,8011982,ACTAS_1000\acta_0873.jpg,OK
874,8012032,ACTAS_1000\acta_0874.jpg,OK
875,8012002,ACTAS_1000\acta_0875.jpg,OK
876,8012012,ACTAS_1000\acta_0876.jpg,OK
877,8012082,ACTAS_1000\acta_0877.jpg,OK
878,8012172,ACTAS_1000\acta_0878.jpg,OK
879,8012182,ACTAS_1000\acta_0879.jpg,OK
880,8012162,ACTAS_1000\acta_0880.jpg,OK
881,8012202,ACTAS_1000\acta_0881.jpg,OK
882,8012192,ACTAS_1000\acta_0882.jpg,OK
885,8012152,ACTAS_1000\acta_0885.jpg,OK
883,8012212,ACTAS_1000\acta_0883.jpg,OK
886,8007301,ACTAS_1000\acta_0886.jpg,OK
887,8007311,ACTAS_1000\acta_0887.jpg,OK
884,8012222,ACTAS_1000\acta_0884.jpg,OK
888,8007641,ACTAS_1000\acta_0888.jpg,OK
889,8007561,ACTAS_1000\acta_0889.jpg,OK
890,8007571,ACTAS_1000\acta_0890.jpg,OK
891,8007581,ACTAS_1000\acta_0891.jpg,OK
892,8007591,ACTAS_1000\acta_0892.jpg,OK
893,8007601,ACTAS_1000\acta_0893.jpg,OK
894,8007611,ACTAS_1000\acta_0894.jpg,OK
895,8007621,ACTAS_1000\acta_0895.jpg,OK
896,8007631,ACTAS_1000\acta_0896.jpg,OK
897,8008161,ACTAS_1000\acta_0897.jpg,OK
898,8008171,ACTAS_1000\acta_0898.jpg,OK
899,8008181,ACTAS_1000\acta_0899.jpg,OK
900,8008191,ACTAS_1000\acta_0900.jpg,OK
901,8008201,ACTAS_1000\acta_0901.jpg,OK
902,8008211,ACTAS_1000\acta_0902.jpg,OK
903,8008221,ACTAS_1000\acta_0903.jpg,OK
904,8008231,ACTAS_1000\acta_0904.jpg,OK
905,8008241,ACTAS_1000\acta_0905.jpg,OK
906,8008251,ACTAS_1000\acta_0906.jpg,OK
907,8008261,ACTAS_1000\acta_0907.jpg,OK
908,8008271,ACTAS_1000\acta_0908.jpg,OK
909,8008041,ACTAS_1000\acta_0909.jpg,OK
910,8008051,ACTAS_1000\acta_0910.jpg,OK
912,8008071,ACTAS_1000\acta_0912.jpg,OK
915,8008101,ACTAS_1000\acta_0915.jpg,OK
913,8008081,ACTAS_1000\acta_0913.jpg,OK
917,8008121,ACTAS_1000\acta_0917.jpg,OK
918,8008131,ACTAS_1000\acta_0918.jpg,OK
911,8008061,ACTAS_1000\acta_0911.jpg,OK
914,8008091,ACTAS_1000\acta_0914.jpg,OK
920,8008151,ACTAS_1000\acta_0920.jpg,OK
919,8008141,ACTAS_1000\acta_0919.jpg,OK
916,8008111,ACTAS_1000\acta_0916.jpg,OK
922,8007841,ACTAS_1000\acta_0922.jpg,OK
921,8007831,ACTAS_1000\acta_0921.jpg,OK
923,8007851,ACTAS_1000\acta_0923.jpg,OK
925,8007941,ACTAS_1000\acta_0925.jpg,OK
924,8007861,ACTAS_1000\acta_0924.jpg,OK
926,8007951,ACTAS_1000\acta_0926.jpg,OK
927,8007961,ACTAS_1000\acta_0927.jpg,OK
928,8007971,ACTAS_1000\acta_0928.jpg,OK
929,8007981,ACTAS_1000\acta_0929.jpg,OK
931,8008001,ACTAS_1000\acta_0931.jpg,OK
930,8007991,ACTAS_1000\acta_0930.jpg,OK
932,8008011,ACTAS_1000\acta_0932.jpg,OK
933,8008021,ACTAS_1000\acta_0933.jpg,OK
934,8008031,ACTAS_1000\acta_0934.jpg,OK
935,8008341,ACTAS_1000\acta_0935.jpg,OK
936,8008351,ACTAS_1000\acta_0936.jpg,OK
937,8008361,ACTAS_1000\acta_0937.jpg,OK
939,8008381,ACTAS_1000\acta_0939.jpg,OK
938,8008371,ACTAS_1000\acta_0938.jpg,OK
940,8008391,ACTAS_1000\acta_0940.jpg,OK
941,8008401,ACTAS_1000\acta_0941.jpg,OK
942,8008411,ACTAS_1000\acta_0942.jpg,OK
943,8008421,ACTAS_1000\acta_0943.jpg,OK
944,8008431,ACTAS_1000\acta_0944.jpg,OK
945,8007521,ACTAS_1000\acta_0945.jpg,OK
946,8007531,ACTAS_1000\acta_0946.jpg,OK
947,8007541,ACTAS_1000\acta_0947.jpg,OK
948,8007551,ACTAS_1000\acta_0948.jpg,OK
949,8007341,ACTAS_1000\acta_0949.jpg,OK
950,8007351,ACTAS_1000\acta_0950.jpg,OK
951,8007361,ACTAS_1000\acta_0951.jpg,OK
952,8007371,ACTAS_1000\acta_0952.jpg,OK
955,8007401,ACTAS_1000\acta_0955.jpg,OK
954,8007391,ACTAS_1000\acta_0954.jpg,OK
956,8007411,ACTAS_1000\acta_0956.jpg,OK
957,8007421,ACTAS_1000\acta_0957.jpg,OK
958,8007731,ACTAS_1000\acta_0958.jpg,OK
960,8007751,ACTAS_1000\acta_0960.jpg,OK
961,8007431,ACTAS_1000\acta_0961.jpg,OK
959,8007741,ACTAS_1000\acta_0959.jpg,OK
962,8007441,ACTAS_1000\acta_0962.jpg,OK
963,8007451,ACTAS_1000\acta_0963.jpg,OK
964,8007461,ACTAS_1000\acta_0964.jpg,OK
965,8007471,ACTAS_1000\acta_0965.jpg,OK
967,8007491,ACTAS_1000\acta_0967.jpg,OK
969,8007511,ACTAS_1000\acta_0969.jpg,OK
968,8007501,ACTAS_1000\acta_0968.jpg,OK
970,8007651,ACTAS_1000\acta_0970.jpg,OK
953,8007381,ACTAS_1000\acta_0953.jpg,OK
971,8007661,ACTAS_1000\acta_0971.jpg,OK
972,8007671,ACTAS_1000\acta_0972.jpg,OK
974,8007691,ACTAS_1000\acta_0974.jpg,OK
973,8007681,ACTAS_1000\acta_0973.jpg,OK
975,8007701,ACTAS_1000\acta_0975.jpg,OK
976,8007711,ACTAS_1000\acta_0976.jpg,OK
966,8007481,ACTAS_1000\acta_0966.jpg,OK
977,8007721,ACTAS_1000\acta_0977.jpg,OK
978,8007901,ACTAS_1000\acta_0978.jpg,OK
979,8007911,ACTAS_1000\acta_0979.jpg,OK
980,8007921,ACTAS_1000\acta_0980.jpg,OK
981,8007931,ACTAS_1000\acta_0981.jpg,OK
982,8007761,ACTAS_1000\acta_0982.jpg,OK
983,8007771,ACTAS_1000\acta_0983.jpg,OK
984,8007781,ACTAS_1000\acta_0984.jpg,OK
985,8007791,ACTAS_1000\acta_0985.jpg,OK
986,8007801,ACTAS_1000\acta_0986.jpg,OK
987,8007811,ACTAS_1000\acta_0987.jpg,OK
989,8008481,ACTAS_1000\acta_0989.jpg,OK
988,8007821,ACTAS_1000\acta_0988.jpg,OK
990,8008491,ACTAS_1000\acta_0990.jpg,OK
992,8008511,ACTAS_1000\acta_0992.jpg,OK
991,8008501,ACTAS_1000\acta_0991.jpg,OK
993,8008521,ACTAS_1000\acta_0993.jpg,OK
994,8008531,ACTAS_1000\acta_0994.jpg,OK
995,8008281,ACTAS_1000\acta_0995.jpg,OK
996,8008291,ACTAS_1000\acta_0996.jpg,OK
997,8008301,ACTAS_1000\acta_0997.jpg,OK
999,8008321,ACTAS_1000\acta_0999.jpg,OK
1000,8008331,ACTAS_1000\acta_1000.jpg,OK
998,8008311,ACTAS_1000\acta_0998.jpg,OK
